"Arrival_time","Airline_Code","Airline","Origin_Airport","Origin_Code","Origin_City","Flight_Code","Duration"
"00:05","6E","IndiGo","Navi Mumbai International Airport","NMI","Mumbai","6E164","1h 35m"
"00:05","IX","Air India Express","Lucknow","LKO","Lucknow","IX1542","2h 40m"
"00:10","6E","IndiGo","Varanasi","VNS","Varanasi","6E499","3h 0m"
"00:10","CX","Cathay Pacific","Hong Kong International Airport","HKG","Hong Kong","CX623","5h 45m"
"00:10","SG","SpiceJet","Chhatrapati Shivaji Maharaj International Airport","BOM","Mumbai","SG669","2h 10m"
"00:15","JL","JAL","Narita International Airport","NRT","Tokyo","JL753","8h 50m"
"00:20","6E","IndiGo","Chhatrapati Shivaji Maharaj International Airport","BOM","Mumbai","6E5388","2h 0m"
"00:20","IX","Air India Express","Calicut","CCJ","Kozhikode","IX5504","1h 10m"
"00:25","9I","Alliance Air","Goa","GOI","Goa","9I548","1h 35m"
"00:25","AI","Air India","Indira Gandhi International Airport","DEL","Delhi","AI2412","2h 55m"
"00:30","LH","Lufthansa","Munich Airport","MUC","Munich","LH764","8h 55m"
"00:35","IX","Air India Express","Mangalore","IXE","Mangalore","IX5502","1h 10m"
"00:35","IX","Air India Express","Nagpur","NAG","Nagpur","IX1379","1h 50m"
"00:40","6E","IndiGo","Kolkata Netaji Subhas Chandra Bose Intl Airport","CCU","Kolkata","6E573","2h 40m"
"00:40","BA","British Airways","Heathrow","LHR","London","BA131","10h 10m"
"00:45","IX","Air India Express","Kolkata Netaji Subhas Chandra Bose Intl Airport","CCU","Kolkata","IX1382","2h 40m"
"00:45","QP","Akasa Air","Indira Gandhi International Airport","DEL","Delhi","QP1350","2h 50m"
"00:55","6E","IndiGo","Indira Gandhi International Airport","DEL","Delhi","6E846","2h 55m"
"01:00","6E","IndiGo","Lucknow","LKO","Lucknow","6E906","2h 40m"
"01:00","IX","Air India Express","Indira Gandhi International Airport","DEL","Delhi","IX5915","2h 55m"
"01:10","6E","IndiGo","Ahmedabad Airport","AMD","Ahmedabad","6E996","2h 25m"
"01:15","SG","SpiceJet","Chhatrapati Shivaji Maharaj International Airport","BOM","Mumbai","SG559","2h 10m"
"01:20","LH","Lufthansa","Frankfurt Airport","FRA","Frankfurt","LH754","9h 0m"
"01:30","6E","IndiGo","Pune","PNQ","Pune","6E6055","1h 40m"
"01:40","IX","Air India Express","Pune","PNQ","Pune","IX2681","1h 35m"
"01:55","QP","Akasa Air","Indira Gandhi International Airport","DEL","Delhi","QP1812","3h 0m"
"02:20","UL","SriLankan Airlines","Bandaranaike International","CMB","Colombo","UL173","1h 25m"
"02:25","6E","IndiGo","Indira Gandhi International Airport","DEL","Delhi","6E871","2h 55m"
"02:30","IX","Air India Express","Indira Gandhi International Airport","DEL","Delhi","IX1070","2h 55m"
"02:30","QR","Qatar Airways","Hamad International Airport","DOH","Doha","QR572","4h 25m"
"02:50","EK","Emirates","Dubai International Airport","DXB","Dubai","EK568","4h 5m"
"02:55","6E","IndiGo","Pune","PNQ","Pune","6E361","1h 40m"
"03:00","KU","Kuwait Airways","Kuwait International","KWI","Kuwait","KU353","5h 15m"
"03:05","6E","IndiGo","Chhatrapati Shivaji Maharaj International Airport","BOM","Mumbai","6E5323","1h 55m"
"03:10","AI","Air India","Indira Gandhi International Airport","DEL","Delhi","AI2757","2h 55m"
"03:15","6E","IndiGo","Hamad International Airport","DOH","Doha","6E1302","4h 25m"
"03:15","EY","Etihad","Zayed International Airport","AUH","Abu Dhabi","EY232","4h 10m"
"03:45","G9","Air Arabia","Sharjah International","SHJ","Sharjah","G9496","4h 5m"
"03:50","6E","IndiGo","Dubai International Airport","DXB","Dubai","6E1486","4h 15m"
"04:00","6E","IndiGo","Indira Gandhi International Airport","DEL","Delhi","6E6054","2h 55m"
"04:10","AI","Air India","Chhatrapati Shivaji Maharaj International Airport","BOM","Mumbai","AI2812","2h 5m"
"04:40","6E","IndiGo","Chhatrapati Shivaji Maharaj International Airport","BOM","Mumbai","6E6284","1h 55m"
"04:50","BA","British Airways","Heathrow","LHR","London","BA119","10h 20m"
"04:55","6E","IndiGo","Pune","PNQ","Pune","6E6564","1h 40m"
"04:55","GF","Gulf Air","Bahrain International Airport","BAH","Bahrain","GF282","5h 0m"
"05:10","IX","Air India Express","Dubai International Airport","DXB","Dubai","IX920","4h 15m"
"05:55","6E","IndiGo","Indira Gandhi International Airport","DEL","Delhi","6E820","2h 55m"
"06:05","6E","IndiGo","Zayed International Airport","AUH","Abu Dhabi","6E1409","4h 5m"
"06:10","VS","Virgin Atlantic","Heathrow","LHR","London","VS316","10h 0m"
"06:25","6E","IndiGo","Chhatrapati Shivaji Maharaj International Airport","BOM","Mumbai","6E5294","1h 55m"
"06:35","6E","IndiGo","Pune","PNQ","Pune","6E6877","1h 35m"
"07:10","QP","Akasa Air","Ahmedabad Airport","AMD","Ahmedabad","QP1901","2h 20m"
"07:20","AI","Air India","Indira Gandhi International Airport","DEL","Delhi","AI2653","2h 50m"
"07:35","AI","Air India","Chhatrapati Shivaji Maharaj International Airport","BOM","Mumbai","AI2845","2h 5m"
"07:40","6E","IndiGo","Singapore Changi Airport","SIN","Singapore","6E1248","4h 30m"
"07:50","6E","IndiGo","Rajiv Gandhi International Airport","HYD","Hyderabad","6E413","1h 20m"
"07:50","IX","Air India Express","Chennai International","MAA","Chennai","IX2975","1h 25m"
"07:55","IX","Air India Express","Rajiv Gandhi International Airport","HYD","Hyderabad","IX2934","1h 35m"
"08:00","IX","Air India Express","Navi Mumbai International Airport","NMI","Mumbai","IX1347","1h 40m"
"08:05","6E","IndiGo","Chennai International","MAA","Chennai","6E6081","1h 0m"
"08:10","IX","Air India Express","Bhubaneshwar","BBI","Bhubaneswar","IX2780","2h 10m"
"08:20","6E","IndiGo","Cochin","COK","Kochi","6E6482","1h 15m"
"08:25","6E","IndiGo","Chhatrapati Shivaji Maharaj International Airport","BOM","Mumbai","6E5296","1h 55m"
"08:25","IX","Air India Express","Cochin","COK","Kochi","IX1692","1h 15m"
"08:25","IX","Air India Express","Thiruvananthapuram International","TRV","Thiruvananthapuram","IX2980","1h 15m"
"08:30","6E","IndiGo","Pune","PNQ","Pune","6E391","1h 50m"
"08:35","6E","IndiGo","Navi Mumbai International Airport","NMI","Mumbai","6E2085","1h 25m"
"08:35","AI","Air India","Chhatrapati Shivaji Maharaj International Airport","BOM","Mumbai","AI2603","2h 0m"
"08:40","6E","IndiGo","Indira Gandhi International Airport","DEL","Delhi","6E2314","2h 55m"
"08:40","QP","Akasa Air","Zayed International Airport","AUH","Abu Dhabi","QP591","4h 10m"
"08:50","EK","Emirates","Dubai International Airport","DXB","Dubai","EK564","4h 0m"
"09:00","QP","Akasa Air","Navi Mumbai International Airport","NMI","Mumbai","QP2001","1h 45m"
"09:05","QP","Akasa Air","Pune","PNQ","Pune","QP1312","1h 40m"
"09:10","6E","IndiGo","Kolkata Netaji Subhas Chandra Bose Intl Airport","CCU","Kolkata","6E771","2h 40m"
"09:10","IX","Air India Express","King Abdulaziz International Airport","JED","Jeddah","IX942","6h 10m"
"09:20","6E","IndiGo","Calicut","CCJ","Kozhikode","6E153","1h 5m"
"09:20","6E","IndiGo","Goa","GOI","Goa","6E249","1h 25m"
"09:25","6E","IndiGo","Devi Ahilyabai Holkar","IDR","Indore","6E701","2h 5m"
"09:25","AI","Air India","Indira Gandhi International Airport","DEL","Delhi","AI2803","2h 55m"
"09:25","IX","Air India Express","Rajiv Gandhi International Airport","HYD","Hyderabad","IX2019","1h 20m"
"09:30","6E","IndiGo","Coimbatore","CJB","Coimbatore","6E475","1h 0m"
"09:30","6E","IndiGo","Rajiv Gandhi International Airport","HYD","Hyderabad","6E151","1h 25m"
"09:30","S5","Star Air","Bidar Airport","IXX","Bidar","S5160","1h 15m"
"09:35","6E","IndiGo","Hubli Airport","HBX","Hubli","6E7233","1h 25m"
"09:40","6E","IndiGo","Lucknow","LKO","Lucknow","6E231","2h 35m"
"09:40","6E","IndiGo","Tiruchirappalli","TRZ","Tiruchirappalli","6E7245","1h 15m"
"09:45","IX","Air India Express","Vishakhapatnam","VTZ","Vishakhapatnam","IX2065","1h 45m"
"09:50","6E","IndiGo","Mangalore","IXE","Mangalore","6E542","1h 5m"
"09:55","6E","IndiGo","Chhatrapati Shivaji Maharaj International Airport","BOM","Mumbai","6E5193","1h 50m"
"09:55","IX","Air India Express","Chandigarh","IXC","Chandigarh","IX1062","3h 15m"
"10:00","6E","IndiGo","Indira Gandhi International Airport","DEL","Delhi","6E810","2h 55m"
"10:05","6E","IndiGo","Chennai International","MAA","Chennai","6E6815","1h 10m"
"10:05","AI","Air India","Chhatrapati Shivaji Maharaj International Airport","BOM","Mumbai","AI2851","2h 10m"
"10:10","IX","Air India Express","Chennai International","MAA","Chennai","IX1385","1h 10m"
"10:15","6E","IndiGo","Suvarnabhumi Airport","BKK","Bangkok","6E1214","3h 40m"
"10:15","IX","Air India Express","Vijayawada","VGA","Vijayawada","IX1506","1h 15m"
"10:20","6E","IndiGo","Madurai","IXM","Madurai","6E7257","1h 20m"
"10:30","6E","IndiGo","Thiruvananthapuram International","TRV","Thiruvananthapuram","6E661","1h 20m"
"10:35","6E","IndiGo","Vijayawada","VGA","Vijayawada","6E7203","1h 55m"
"10:40","SQ","Singapore Airlines","Singapore Changi Airport","SIN","Singapore","SQ508","4h 30m"
"10:45","6E","IndiGo","Ahmedabad Airport","AMD","Ahmedabad","6E823","2h 25m"
"10:45","6E","IndiGo","Bhopal","BHO","Bhopal","6E393","2h 5m"
"10:45","IX","Air India Express","Rajiv Gandhi International Airport","HYD","Hyderabad","IX2405","1h 25m"
"10:55","6E","IndiGo","Cochin","COK","Kochi","6E6535","1h 15m"
"10:55","6E","IndiGo","Rajiv Gandhi International Airport","HYD","Hyderabad","6E6066","1h 20m"
"11:00","6E","IndiGo","Kolkata Netaji Subhas Chandra Bose Intl Airport","CCU","Kolkata","6E496","2h 40m"
"11:00","6E","IndiGo","Jaipur","JAI","Jaipur","6E6142","2h 25m"
"11:00","QP","Akasa Air","Bhubaneshwar","BBI","Bhubaneswar","QP1512","2h 15m"
"11:05","6E","IndiGo","Birsa Munda","IXR","Ranchi","6E6799","2h 25m"
"11:10","6E","IndiGo","Indira Gandhi International Airport","DEL","Delhi","6E873","2h 50m"
"11:10","IC","Fly91","Sindhudurg Airport","SDW","Malvan","IC5301","1h 50m"
"11:15","IX","Air India Express","Gwalior","GWL","Gwalior","IX2362","2h 40m"
"11:20","AI","Air India","Indira Gandhi International Airport","DEL","Delhi","AI427","2h 50m"
"11:35","IX","Air India Express","Cochin","COK","Kochi","IX1894","1h 10m"
"11:50","6E","IndiGo","Raipur","RPR","Raipur","6E406","1h 55m"
"11:55","6E","IndiGo","Chhatrapati Shivaji Maharaj International Airport","BOM","Mumbai","6E5092","2h 5m"
"11:55","IX","Air India Express","Calicut","CCJ","Kozhikode","IX1546","1h 10m"
"11:55","IX","Air India Express","Chennai International","MAA","Chennai","IX2971","1h 5m"
"12:00","6E","IndiGo","Chennai International","MAA","Chennai","6E6892","1h 5m"
"12:00","IX","Air India Express","Birsa Munda","IXR","Ranchi","IX1244","2h 25m"
"12:05","AI","Air India","Chhatrapati Shivaji Maharaj International Airport","BOM","Mumbai","AI2863","2h 5m"
"12:10","6E","IndiGo","Nagpur","NAG","Nagpur","6E6864","1h 45m"
"12:10","QP","Akasa Air","Lucknow","LKO","Lucknow","QP1502","2h 40m"
"12:10","S5","Star Air","Jindal Airport","VDY","Vijaynagar","S5702","0h 50m"
"12:15","6E","IndiGo","Bhubaneshwar","BBI","Bhubaneswar","6E703","2h 10m"
"12:15","6E","IndiGo","Lokpriya Gopinath Bordoloi International Airport","GAU","Guwahati","6E6542","3h 20m"
"12:15","6E","IndiGo","Udaipur","UDR","Udaipur","6E412","2h 25m"
"12:20","IX","Air India Express","Bagdogra","IXB","Bagdogra","IX2462","3h 0m"
"12:25","6E","IndiGo","Indira Gandhi International Airport","DEL","Delhi","6E826","2h 55m"
"12:25","AI","Air India","Indira Gandhi International Airport","DEL","Delhi","AI2415","2h 55m"
"12:35","6E","IndiGo","Mangalore","IXE","Mangalore","6E6161","1h 5m"
"12:45","6E","IndiGo","King Abdulaziz International Airport","JED","Jeddah","6E78","6h 5m"
"12:45","IX","Air India Express","Rajiv Gandhi International Airport","HYD","Hyderabad","IX1407","1h 30m"
"12:50","IX","Air India Express","Kolkata Netaji Subhas Chandra Bose Intl Airport","CCU","Kolkata","IX1496","2h 40m"
"12:55","6E","IndiGo","Chhatrapati Shivaji Maharaj International Airport","BOM","Mumbai","6E5217","1h 55m"
"12:55","VS","Virgin Atlantic","Heathrow","LHR","London","VS346","10h 0m"
"13:00","6E","IndiGo","Kolkata Netaji Subhas Chandra Bose Intl Airport","CCU","Kolkata","6E386","2h 45m"
"13:05","6E","IndiGo","Bandaranaike International","CMB","Colombo","6E1168","1h 35m"
"13:10","6E","IndiGo","Lucknow","LKO","Lucknow","6E325","2h 40m"
"13:10","6E","IndiGo","Navi Mumbai International Airport","NMI","Mumbai","6E6029","1h 45m"
"13:15","6E","IndiGo","Cochin","COK","Kochi","6E196","1h 15m"
"13:15","AI","Air India","Heathrow","LHR","London","AI132","10h 35m"
"13:20","IX","Air India Express","Indira Gandhi International Airport","DEL","Delhi","IX2749","2h 55m"
"13:20","QP","Akasa Air","Varanasi","VNS","Varanasi","QP1422","2h 45m"
"13:30","6E","IndiGo","Madurai","IXM","Madurai","6E7528","1h 35m"
"13:35","6E","IndiGo","Mopa Airport","GOX","Goa","6E6584","1h 20m"
"13:35","6E","IndiGo","Thiruvananthapuram International","TRV","Thiruvananthapuram","6E6428","1h 15m"
"13:40","6E","IndiGo","Indira Gandhi International Airport","DEL","Delhi","6E842","2h 55m"
"13:45","IX","Air India Express","Ahmedabad Airport","AMD","Ahmedabad","IX1508","2h 25m"
"13:50","QP","Akasa Air","Ahmedabad Airport","AMD","Ahmedabad","QP1903","2h 35m"
"13:50","QP","Akasa Air","Lokpriya Gopinath Bordoloi International Airport","GAU","Guwahati","QP1508","3h 25m"
"14:05","6E","IndiGo","Patna","PAT","Patna","6E805","2h 30m"
"14:05","AI","Air India","Chhatrapati Shivaji Maharaj International Airport","BOM","Mumbai","AI2632","2h 5m"
"14:05","IX","Air India Express","Bhubaneshwar","BBI","Bhubaneswar","IX1216","2h 15m"
"14:10","QP","Akasa Air","Bagdogra","IXB","Bagdogra","QP1373","3h 15m"
"14:15","EY","Etihad","Zayed International Airport","AUH","Abu Dhabi","EY236","4h 5m"
"14:20","WY","Oman Air","Seeb International","MCT","Muscat","WY283","3h 40m"
"14:25","6E","IndiGo","Chhatrapati Shivaji Maharaj International Airport","BOM","Mumbai","6E5184","1h 55m"
"14:25","6E","IndiGo","Kolkata Netaji Subhas Chandra Bose Intl Airport","CCU","Kolkata","6E235","2h 40m"
"14:25","6E","IndiGo","Varanasi","VNS","Varanasi","6E6559","2h 30m"
"14:35","6E","IndiGo","Bagdogra","IXB","Bagdogra","6E445","2h 55m"
"14:35","6E","IndiGo","Thiruvananthapuram International","TRV","Thiruvananthapuram","6E6147","1h 20m"
"14:35","6E","IndiGo","Vijayawada","VGA","Vijayawada","6E7072","1h 40m"
"14:40","6E","IndiGo","Amritsar","ATQ","Amritsar","6E478","3h 20m"
"14:40","6E","IndiGo","Phuket International Airport","HKT","Phuket","6E1076","3h 25m"
"14:40","IX","Air India Express","Birsa Munda","IXR","Ranchi","IX1530","2h 25m"
"14:50","6E","IndiGo","Kolhapur","KLH","Kolhapur","6E7448","1h 45m"
"14:50","6E","IndiGo","Tuticorin Airport","TCR","Tuticorin","6E7736","1h 40m"
"14:55","6E","IndiGo","Veer Surendra Sai Airport","JRG","Jharsuguda","6E128","2h 5m"
"15:00","6E","IndiGo","Shirdi Airport","SAG","Shirdi","6E579","1h 45m"
"15:00","6E","IndiGo","Srinagar","SXR","Srinagar","6E6946","3h 35m"
"15:10","6E","IndiGo","Bali International","DPS","Denpasar","6E1606","6h 20m"
"15:10","6E","IndiGo","Jaipur","JAI","Jaipur","6E498","2h 35m"
"15:15","6E","IndiGo","Puducherry Airport","PNY","Puducherry","6E7143","1h 15m"
"15:20","6E","IndiGo","Indira Gandhi International Airport","DEL","Delhi","6E850","3h 5m"
"15:20","9I","Alliance Air","Salem Airport","SXV","Salem","9I514","1h 0m"
"15:20","IX","Air India Express","Dehradun","DED","Dehra Dun","IX1507","3h 15m"
"15:30","6E","IndiGo","Tirupati","TIR","Tirupati","6E7738","0h 50m"
"15:40","6E","IndiGo","Coimbatore","CJB","Coimbatore","6E6774","1h 0m"
"15:40","6E","IndiGo","Chennai International","MAA","Chennai","6E6209","1h 5m"
"15:40","QP","Akasa Air","Darbhanga Airport","DBR","Darbhanga","QP1514","2h 50m"
"15:45","6E","IndiGo","Goa","GOI","Goa","6E633","1h 20m"
"15:50","6E","IndiGo","Rajiv Gandhi International Airport","HYD","Hyderabad","6E6405","1h 20m"
"15:50","IX","Air India Express","Jaipur","JAI","Jaipur","IX1240","2h 40m"
"15:50","IX","Air India Express","Tiruchirappalli","TRZ","Tiruchirappalli","IX5305","1h 15m"
"15:55","AI","Air India","Indira Gandhi International Airport","DEL","Delhi","AI2417","2h 55m"
"15:55","QP","Akasa Air","Varanasi","VNS","Varanasi","QP1524","2h 40m"
"16:05","6E","IndiGo","Hindon Airport","HDO","Ghaziabad","6E2519","3h 5m"
"16:05","IX","Air India Express","Goa","GOI","Goa","IX2023","1h 20m"
"16:10","6E","IndiGo","Indira Gandhi International Airport","DEL","Delhi","6E176","2h 55m"
"16:10","6E","IndiGo","Lucknow","LKO","Lucknow","6E455","2h 40m"
"16:20","6E","IndiGo","Pune","PNQ","Pune","6E302","1h 40m"
"16:20","QP","Akasa Air","Pune","PNQ","Pune","QP1314","1h 45m"
"16:25","6E","IndiGo","Bhubaneshwar","BBI","Bhubaneswar","6E6536","2h 10m"
"16:25","6E","IndiGo","Chhatrapati Shivaji Maharaj International Airport","BOM","Mumbai","6E5382","1h 55m"
"16:25","IX","Air India Express","Lucknow","LKO","Lucknow","IX1520","2h 30m"
"16:30","IX","Air India Express","Lokpriya Gopinath Bordoloi International Airport","GAU","Guwahati","IX2882","3h 25m"
"16:30","RA","Nepal Airlines","Tribhuvan International","KTM","Kathmandu","RA225","3h 0m"
"16:40","6E","IndiGo","Allahabad","IXD","Allahabad","6E6532","2h 25m"
"16:40","6E","IndiGo","Vishakhapatnam","VTZ","Vishakhapatnam","6E5309","1h 45m"
"16:40","IX","Air India Express","Pune","PNQ","Pune","IX2718","1h 45m"
"16:45","6E","IndiGo","Devi Ahilyabai Holkar","IDR","Indore","6E6739","2h 5m"
"16:55","IX","Air India Express","Patna","PAT","Patna","IX2817","2h 25m"
"17:00","6E","IndiGo","Kurnool Airport","KJB","Kurnool","6E7177","1h 10m"
"17:05","6E","IndiGo","Noida International","DXN","Jewar","6E2456","2h 45m"
"17:05","6E","IndiGo","Sir Seewoosagur Ramgoolam International","MRU","Mauritius","6E1862","6h 5m"
"17:05","6E","IndiGo","Kazi Nazrul Islam Airport","RDP","Andal","6E509","2h 40m"
"17:10","6E","IndiGo","Mangalore","IXE","Mangalore","6E306","1h 5m"
"17:15","6E","IndiGo","Coimbatore","CJB","Coimbatore","6E738","0h 55m"
"17:15","IX","Air India Express","Hamad International Airport","DOH","Doha","IX932","4h 25m"
"17:15","IX","Air India Express","Chandigarh","IXC","Chandigarh","IX1604","3h 10m"
"17:20","6E","IndiGo","Deoghar International Airport","DGH","Deoghar","6E6538","2h 35m"
"17:20","6E","IndiGo","Chennai International","MAA","Chennai","6E847","1h 5m"
"17:25","6E","IndiGo","Chhatrapati Shivaji Maharaj International Airport","BOM","Mumbai","6E5071","1h 50m"
"17:25","6E","IndiGo","Indira Gandhi International Airport","DEL","Delhi","6E828","2h 55m"
"17:25","6E","IndiGo","Port Blair","IXZ","Port Blair","6E6357","2h 35m"
"17:30","IX","Air India Express","Surat","STV","Surat Gujarat","IX2891","2h 0m"
"17:35","6E","IndiGo","Bareilly Airport","BEK","Bareilly","6E332","2h 50m"
"17:35","AI","Air India","Chhatrapati Shivaji Maharaj International Airport","BOM","Mumbai","AI2853","2h 10m"
"17:35","IX","Air India Express","Rajiv Gandhi International Airport","HYD","Hyderabad","IX1345","1h 30m"
"17:40","6E","IndiGo","Male International Airport","MLE","Male","6E1128","1h 55m"
"17:40","IX","Air India Express","Kolkata Netaji Subhas Chandra Bose Intl Airport","CCU","Kolkata","IX1543","2h 30m"
"17:50","6E","IndiGo","Rajiv Gandhi International Airport","HYD","Hyderabad","6E314","1h 20m"
"17:55","AI","Air India","Indira Gandhi International Airport","DEL","Delhi","AI2819","2h 55m"
"17:55","IX","Air India Express","Port Blair","IXZ","Port Blair","IX2794","2h 40m"
"18:10","6E","IndiGo","Hirasar Airport","HSR","Hirasar","6E6508","2h 15m"
"18:15","IC","Fly91","Hubli Airport","HBX","Hubli","IC3411","1h 20m"
"18:15","QP","Akasa Air","Phuket International Airport","HKT","Phuket","QP624","3h 35m"
"18:20","6E","IndiGo","Goa","GOI","Goa","6E6754","1h 15m"
"18:25","6E","IndiGo","Agra","AGR","Agra","6E942","2h 40m"
"18:25","6E","IndiGo","Ozar Airport","ISK","Ozar","6E6548","1h 50m"
"18:35","6E","IndiGo","Pune","PNQ","Pune","6E137","1h 40m"
"18:40","6E","IndiGo","Indira Gandhi International Airport","DEL","Delhi","6E880","2h 55m"
"18:45","6E","IndiGo","Coimbatore","CJB","Coimbatore","6E7012","1h 15m"
"18:45","6E","IndiGo","Chennai International","MAA","Chennai","6E365","1h 0m"
"18:45","IX","Air India Express","Kannur International Airport","CNN","Kannur","IX5910","1h 10m"
"18:50","IX","Air India Express","Cochin","COK","Kochi","IX2115","1h 15m"
"18:50","IX","Air India Express","Srinagar","SXR","Srinagar","IX1169","3h 40m"
"18:55","6E","IndiGo","Chhatrapati Shivaji Maharaj International Airport","BOM","Mumbai","6E5221","1h 55m"
"18:55","6E","IndiGo","Madurai","IXM","Madurai","6E7163","1h 30m"
"19:05","6E","IndiGo","Rajiv Gandhi International Airport","HYD","Hyderabad","6E6417","1h 20m"
"19:05","IX","Air India Express","Devi Ahilyabai Holkar","IDR","Indore","IX1368","2h 10m"
"19:05","IX","Air India Express","Birsa Munda","IXR","Ranchi","IX2176","2h 35m"
"19:10","IX","Air India Express","Suvarnabhumi Airport","BKK","Bangkok","IX883","3h 55m"
"19:10","S5","Star Air","Nanded Airport","NDC","Nanded","S5184","1h 30m"
"19:15","6E","IndiGo","Ahmedabad Airport","AMD","Ahmedabad","6E863","2h 20m"
"19:15","QP","Akasa Air","Pune","PNQ","Pune","QP1316","1h 40m"
"19:20","EK","Emirates","Dubai International Airport","DXB","Dubai","EK566","4h 5m"
"19:25","6E","IndiGo","Mangalore","IXE","Mangalore","6E388","1h 15m"
"19:25","IX","Air India Express","Lokpriya Gopinath Bordoloi International Airport","GAU","Guwahati","IX2932","3h 20m"
"19:30","6E","IndiGo","Aurangabad","IXU","Aurangabad","6E517","1h 40m"
"19:30","IX","Air India Express","Ahmedabad Airport","AMD","Ahmedabad","IX2002","2h 20m"
"19:30","QP","Akasa Air","Indira Gandhi International Airport","DEL","Delhi","QP1822","2h 50m"
"19:35","6E","IndiGo","Nagpur","NAG","Nagpur","6E909","1h 45m"
"19:40","6E","IndiGo","Kolkata Netaji Subhas Chandra Bose Intl Airport","CCU","Kolkata","6E757","2h 40m"
"19:40","6E","IndiGo","Chandigarh","IXC","Chandigarh","6E429","3h 0m"
"19:55","6E","IndiGo","Indira Gandhi International Airport","DEL","Delhi","6E837","2h 55m"
"19:55","EY","Etihad","Zayed International Airport","AUH","Abu Dhabi","EY238","4h 10m"
"20:05","6E","IndiGo","Rajiv Gandhi International Airport","HYD","Hyderabad","6E6783","1h 20m"
"20:10","6E","IndiGo","Chennai International","MAA","Chennai","6E189","1h 5m"
"20:10","IX","Air India Express","Chennai International","MAA","Chennai","IX2507","1h 15m"
"20:15","9I","Alliance Air","Cochin","COK","Kochi","9I508","1h 25m"
"20:25","6E","IndiGo","Chhatrapati Shivaji Maharaj International Airport","BOM","Mumbai","6E5047","1h 55m"
"20:30","6E","IndiGo","Patna","PAT","Patna","6E6276","2h 35m"
"20:30","QP","Akasa Air","Varanasi","VNS","Varanasi","QP1424","2h 40m"
"20:35","6E","IndiGo","Vadodara","BDQ","Vadodara","6E808","2h 15m"
"20:35","AI","Air India","Chhatrapati Shivaji Maharaj International Airport","BOM","Mumbai","AI2641","2h 5m"
"20:40","IX","Air India Express","Pune","PNQ","Pune","IX2874","1h 45m"
"20:40","QP","Akasa Air","Ahmedabad Airport","AMD","Ahmedabad","QP1905","2h 25m"
"20:40","QP","Akasa Air","Chhatrapati Shivaji Maharaj International Airport","BOM","Mumbai","QP1133","1h 55m"
"20:45","6E","IndiGo","Mopa Airport","GOX","Goa","6E6527","1h 25m"
"20:45","IX","Air India Express","Rajiv Gandhi International Airport","HYD","Hyderabad","IX2983","1h 25m"
"20:50","6E","IndiGo","Cochin","COK","Kochi","6E6922","1h 15m"
"20:55","6E","IndiGo","Goa","GOI","Goa","6E6163","1h 30m"
"20:55","SG","SpiceJet","Indira Gandhi International Airport","DEL","Delhi","SG204","3h 5m"
"21:00","IX","Air India Express","Varanasi","VNS","Varanasi","IX1982","2h 35m"
"21:05","6E","IndiGo","Surat","STV","Surat Gujarat","6E5034","2h 0m"
"21:10","6E","IndiGo","Indira Gandhi International Airport","DEL","Delhi","6E811","2h 50m"
"21:20","6E","IndiGo","Rajiv Gandhi International Airport","HYD","Hyderabad","6E285","1h 20m"
"21:20","6E","IndiGo","Belgaum","IXG","Belgaum","6E7239","1h 35m"
"21:20","6E","IndiGo","Nagpur","NAG","Nagpur","6E6432","1h 45m"
"21:25","AI","Air India","Indira Gandhi International Airport","DEL","Delhi","AI2487","2h 55m"
"21:35","6E","IndiGo","Jaipur","JAI","Jaipur","6E556","2h 35m"
"21:35","GF","Gulf Air","Bahrain International Airport","BAH","Bahrain","GF280","5h 0m"
"21:35","IX","Air India Express","Pune","PNQ","Pune","IX2706","1h 45m"
"21:40","6E","IndiGo","Kolkata Netaji Subhas Chandra Bose Intl Airport","CCU","Kolkata","6E6251","2h 40m"
"21:40","6E","IndiGo","Dehradun","DED","Dehra Dun","6E6136","2h 50m"
"21:40","6E","IndiGo","Singapore Changi Airport","SIN","Singapore","6E1458","4h 30m"
"21:45","6E","IndiGo","Chhatrapati Shivaji Maharaj International Airport","BOM","Mumbai","6E5032","2h 0m"
"21:45","6E","IndiGo","Rajahmundry","RJA","Rajahmundry","6E7232","1h 45m"
"21:50","6E","IndiGo","Hubli Airport","HBX","Hubli","6E7378","1h 25m"
"21:50","SQ","Singapore Airlines","Singapore Changi Airport","SIN","Singapore","SQ510","4h 15m"
"21:55","6E","IndiGo","Raipur","RPR","Raipur","6E979","2h 0m"
"21:55","AI","Air India","Indira Gandhi International Airport","DEL","Delhi","AI2512","2h 55m"
"22:00","6E","IndiGo","Bhopal","BHO","Bhopal","6E6466","2h 0m"
"22:05","6E","IndiGo","Ahmedabad Airport","AMD","Ahmedabad","6E481","2h 20m"
"22:05","6E","IndiGo","Kannur International Airport","CNN","Kannur","6E7729","1h 25m"
"22:05","QP","Akasa Air","Bhubaneshwar","BBI","Bhubaneswar","QP1504","2h 15m"
"22:10","QP","Akasa Air","Gorakhpur Airport","GOP","Gorakhpur","QP1883","2h 45m"
"22:15","6E","IndiGo","Goa","GOI","Goa","6E6557","1h 20m"
"22:15","6E","IndiGo","Tiruchirappalli","TRZ","Tiruchirappalli","6E7166","1h 15m"
"22:15","VN","Vietnam Airlines","Noibai International","HAN","Hanoi","VN983","4h 55m"
"22:20","6E","IndiGo","Bhubaneshwar","BBI","Bhubaneswar","6E6085","2h 10m"
"22:20","AI","Air India","Indira Gandhi International Airport","DEL","Delhi","AI2809","2h 50m"
"22:20","OD","Batik Air","Kuala Lumpur International Airport","KUL","Kuala Lumpur","OD241","4h 10m"
"22:20","S5","Star Air","Mopa Airport","GOX","Goa","S5182","1h 10m"
"22:25","6E","IndiGo","Indira Gandhi International Airport","DEL","Delhi","6E861","2h 55m"
"22:30","QP","Akasa Air","Chhatrapati Shivaji Maharaj International Airport","BOM","Mumbai","QP1516","1h 55m"
"22:35","6E","IndiGo","Pune","PNQ","Pune","6E107","1h 40m"
"22:35","IX","Air India Express","Chennai International","MAA","Chennai","IX2662","1h 10m"
"22:35","IX","Air India Express","Navi Mumbai International Airport","NMI","Mumbai","IX1640","1h 40m"
"22:40","6E","IndiGo","Coimbatore","CJB","Coimbatore","6E5355","1h 15m"
"22:45","6E","IndiGo","Rajiv Gandhi International Airport","HYD","Hyderabad","6E6505","1h 20m"
"22:45","AI","Air India","Chhatrapati Shivaji Maharaj International Airport","BOM","Mumbai","AI2401","2h 0m"
"22:50","6E","IndiGo","Cochin","COK","Kochi","6E472","1h 10m"
"22:50","6E","IndiGo","Patna","PAT","Patna","6E6452","2h 50m"
"22:55","6E","IndiGo","Vijayawada","VGA","Vijayawada","6E7133","1h 45m"
"22:55","IX","Air India Express","Dehradun","DED","Dehra Dun","IX2017","3h 15m"
"23:00","6E","IndiGo","Chandigarh","IXC","Chandigarh","6E593","3h 10m"
"23:00","6E","IndiGo","Chennai International","MAA","Chennai","6E796","1h 0m"
"23:00","6E","IndiGo","Vishakhapatnam","VTZ","Vishakhapatnam","6E2772","1h 50m"
"23:00","QP","Akasa Air","Noida International","DXN","Jewar","QP1526","3h 5m"
"23:05","QP","Akasa Air","Kolkata Netaji Subhas Chandra Bose Intl Airport","CCU","Kolkata","QP1564","2h 45m"
"23:10","IX","Air India Express","Rajiv Gandhi International Airport","HYD","Hyderabad","IX1378","1h 20m"
"23:10","KL","KLM","Schiphol","AMS","Amsterdam","KL879","9h 35m"
"23:10","QP","Akasa Air","Calicut","CCJ","Kozhikode","QP1744","1h 20m"
"23:15","6E","IndiGo","Madurai","IXM","Madurai","6E7587","1h 40m"
"23:20","6E","IndiGo","Kolkata Netaji Subhas Chandra Bose Intl Airport","CCU","Kolkata","6E6314","2h 45m"
"23:25","6E","IndiGo","Chhatrapati Shivaji Maharaj International Airport","BOM","Mumbai","6E6188","1h 55m"
"23:25","6E","IndiGo","Lokpriya Gopinath Bordoloi International Airport","GAU","Guwahati","6E316","3h 20m"
"23:30","IX","Air India Express","Lokpriya Gopinath Bordoloi International Airport","GAU","Guwahati","IX2959","3h 15m"
"23:35","AF","Air France","Charles De Gaulle","CDG","Paris","AF194","9h 40m"
"23:35","IX","Air India Express","Patna","PAT","Patna","IX1953","2h 40m"
"23:40","6E","IndiGo","Indira Gandhi International Airport","DEL","Delhi","6E6515","2h 55m"
"23:40","QP","Akasa Air","Chhatrapati Shivaji Maharaj International Airport","BOM","Mumbai","QP1518","1h 55m"
"23:45","6E","IndiGo","Devi Ahilyabai Holkar","IDR","Indore","6E6744","2h 5m"
"23:45","MH","Malaysia Airlines","Kuala Lumpur International Airport","KUL","Kuala Lumpur","MH192","4h 15m"
"23:50","6E","IndiGo","Kuala Lumpur International Airport","KUL","Kuala Lumpur","6E1038","4h 25m"
"23:50","IX","Air India Express","Vishakhapatnam","VTZ","Vishakhapatnam","IX1373","1h 40m"
"23:50","QP","Akasa Air","Indira Gandhi International Airport","DEL","Delhi","QP1824","3h 0m"
"23:50","QP","Akasa Air","Lucknow","LKO","Lucknow","QP1568","2h 50m"
"23:55","QP","Akasa Air","Pune","PNQ","Pune","QP1318","1h 45m"
"23:55","TG","Thai Airways","Suvarnabhumi Airport","BKK","Bangkok","TG325","3h 35m"
